[{"model": "admin.logentry", "pk": 1, "fields": {"action_time": "2023-11-11T08:34:48.328Z", "user": 1, "content_type": 7, "object_id": "1", "object_repr": "The Binding of Isaac: Rebirth", "action_flag": 1, "change_message": "[{\"added\": {}}]"}}, {"model": "admin.logentry", "pk": 2, "fields": {"action_time": "2023-11-11T08:35:19.388Z", "user": 1, "content_type": 7, "object_id": "2", "object_repr": "Enter the Gungeon", "action_flag": 1, "change_message": "[{\"added\": {}}]"}}, {"model": "admin.logentry", "pk": 3, "fields": {"action_time": "2023-11-11T08:36:08.169Z", "user": 1, "content_type": 7, "object_id": "3", "object_repr": "DARK SOULS: Remastered", "action_flag": 1, "change_message": "[{\"added\": {}}]"}}, {"model": "admin.logentry", "pk": 4, "fields": {"action_time": "2023-11-11T08:36:44.552Z", "user": 1, "content_type": 7, "object_id": "4", "object_repr": "Sekiro: Shadows Die Twice", "action_flag": 1, "change_message": "[{\"added\": {}}]"}}, {"model": "admin.logentry", "pk": 5, "fields": {"action_time": "2023-11-11T08:38:06.461Z", "user": 1, "content_type": 6, "object_id": "1", "object_repr": "Any%", "action_flag": 1, "change_message": "[{\"added\": {}}]"}}, {"model": "admin.logentry", "pk": 6, "fields": {"action_time": "2023-11-11T08:38:47.130Z", "user": 1, "content_type": 6, "object_id": "2", "object_repr": "100%", "action_flag": 1, "change_message": "[{\"added\": {}}]"}}, {"model": "admin.logentry", "pk": 7, "fields": {"action_time": "2023-11-11T08:39:14.993Z", "user": 1, "content_type": 6, "object_id": "3", "object_repr": "Glitchless", "action_flag": 1, "change_message": "[{\"added\": {}}]"}}, {"model": "admin.logentry", "pk": 8, "fields": {"action_time": "2023-11-11T08:39:45.444Z", "user": 1, "content_type": 6, "object_id": "4", "object_repr": "NMG", "action_flag": 1, "change_message": "[{\"added\": {}}]"}}, {"model": "admin.logentry", "pk": 9, "fields": {"action_time": "2023-11-11T08:40:16.811Z", "user": 1, "content_type": 6, "object_id": "5", "object_repr": "Low%", "action_flag": 1, "change_message": "[{\"added\": {}}]"}}, {"model": "admin.logentry", "pk": 10, "fields": {"action_time": "2023-11-11T08:59:29.391Z", "user": 1, "content_type": 8, "object_id": "1", "object_repr": "The Binding of Isaac: Rebirth Any%", "action_flag": 1, "change_message": "[{\"added\": {}}]"}}, {"model": "admin.logentry", "pk": 11, "fields": {"action_time": "2023-11-11T09:00:01.096Z", "user": 1, "content_type": 8, "object_id": "2", "object_repr": "The Binding of Isaac: Rebirth 100%", "action_flag": 1, "change_message": "[{\"added\": {}}]"}}, {"model": "admin.logentry", "pk": 12, "fields": {"action_time": "2023-11-11T09:00:54.360Z", "user": 1, "content_type": 8, "object_id": "3", "object_repr": "Enter the Gungeon Any%", "action_flag": 1, "change_message": "[{\"added\": {}}]"}}, {"model": "admin.logentry", "pk": 13, "fields": {"action_time": "2023-11-11T09:01:21.339Z", "user": 1, "content_type": 8, "object_id": "4", "object_repr": "DARK SOULS: Remastered Any%", "action_flag": 1, "change_message": "[{\"added\": {}}]"}}, {"model": "admin.logentry", "pk": 14, "fields": {"action_time": "2023-11-11T09:01:40.860Z", "user": 1, "content_type": 8, "object_id": "5", "object_repr": "Sekiro: Shadows Die Twice Any%", "action_flag": 1, "change_message": "[{\"added\": {}}]"}}, {"model": "admin.logentry", "pk": 15, "fields": {"action_time": "2023-11-11T09:31:54.234Z", "user": 1, "content_type": 9, "object_id": "2", "object_repr": "ogurec@mail.ru", "action_flag": 2, "change_message": "[{\"changed\": {\"fields\": [\"Slug\"]}}]"}}, {"model": "admin.logentry", "pk": 16, "fields": {"action_time": "2023-11-12T10:22:37.677Z", "user": 1, "content_type": 7, "object_id": "5", "object_repr": "Hollow Knight", "action_flag": 1, "change_message": "[{\"added\": {}}]"}}, {"model": "admin.logentry", "pk": 17, "fields": {"action_time": "2023-11-14T09:22:40.487Z", "user": 1, "content_type": 10, "object_id": "2", "object_repr": "The Binding of Isaac: Rebirth 100% 21600000", "action_flag": 1, "change_message": "[{\"added\": {}}]"}}, {"model": "admin.logentry", "pk": 18, "fields": {"action_time": "2023-11-14T09:23:17.018Z", "user": 1, "content_type": 13, "object_id": "1", "object_repr": "Karkusha23 The Binding of Isaac: Rebirth", "action_flag": 1, "change_message": "[{\"added\": {}}]"}}, {"model": "admin.logentry", "pk": 19, "fields": {"action_time": "2023-11-14T09:23:46.418Z", "user": 1, "content_type": 12, "object_id": "1", "object_repr": "Validation object (1)", "action_flag": 1, "change_message": "[{\"added\": {}}]"}}, {"model": "admin.logentry", "pk": 20, "fields": {"action_time": "2023-11-18T19:28:44.939Z", "user": 1, "content_type": 13, "object_id": "2", "object_repr": "ogurec1337: The Binding of Isaac: Rebirth", "action_flag": 1, "change_message": "[{\"added\": {}}]"}}, {"model": "admin.logentry", "pk": 21, "fields": {"action_time": "2023-11-18T19:30:56.370Z", "user": 1, "content_type": 11, "object_id": "5", "object_repr": "The Binding of Isaac: Rebirth Any% 00:04:49:356", "action_flag": 3, "change_message": ""}}, {"model": "admin.logentry", "pk": 22, "fields": {"action_time": "2023-11-18T19:31:05.950Z", "user": 1, "content_type": 10, "object_id": "5", "object_repr": "The Binding of Isaac: Rebirth Any% 00:04:49:356", "action_flag": 2, "change_message": "[{\"changed\": {\"fields\": [\"Is rejected\"]}}]"}}, {"model": "admin.logentry", "pk": 23, "fields": {"action_time": "2023-11-18T19:33:27.040Z", "user": 1, "content_type": 11, "object_id": "5", "object_repr": "The Binding of Isaac: Rebirth Any% 00:04:49:356", "action_flag": 3, "change_message": ""}}, {"model": "admin.logentry", "pk": 24, "fields": {"action_time": "2023-11-18T19:33:53.083Z", "user": 1, "content_type": 10, "object_id": "5", "object_repr": "The Binding of Isaac: Rebirth Any% 00:04:49:356", "action_flag": 2, "change_message": "[{\"changed\": {\"fields\": [\"Is rejected\"]}}]"}}, {"model": "admin.logentry", "pk": 25, "fields": {"action_time": "2023-11-22T17:50:53.150Z", "user": 1, "content_type": 9, "object_id": "3", "object_repr": "pomidorka48", "action_flag": 2, "change_message": "[{\"changed\": {\"fields\": [\"password\"]}}]"}}, {"model": "admin.logentry", "pk": 26, "fields": {"action_time": "2023-11-28T10:33:53.753Z", "user": 1, "content_type": 13, "object_id": "3", "object_repr": "Karkusha23: Enter the Gungeon", "action_flag": 1, "change_message": "[{\"added\": {}}]"}}, {"model": "admin.logentry", "pk": 27, "fields": {"action_time": "2023-12-03T15:03:45.685Z", "user": 1, "content_type": 15, "object_id": "3", "object_repr": "The Binding of Isaac: Rebirth Any% 00:04:49:356", "action_flag": 3, "change_message": ""}}, {"model": "admin.logentry", "pk": 28, "fields": {"action_time": "2023-12-03T15:03:48.968Z", "user": 1, "content_type": 15, "object_id": "2", "object_repr": "The Binding of Isaac: Rebirth Any% 00:04:49:356", "action_flag": 3, "change_message": ""}}, {"model": "admin.logentry", "pk": 29, "fields": {"action_time": "2023-12-03T15:03:51.846Z", "user": 1, "content_type": 15, "object_id": "1", "object_repr": "The Binding of Isaac: Rebirth Any% 00:04:49:356", "action_flag": 3, "change_message": ""}}, {"model": "admin.logentry", "pk": 30, "fields": {"action_time": "2023-12-03T15:20:25.712Z", "user": 1, "content_type": 15, "object_id": "5", "object_repr": "The Binding of Isaac: Rebirth Any% 00:04:49:356", "action_flag": 3, "change_message": ""}}, {"model": "admin.logentry", "pk": 31, "fields": {"action_time": "2023-12-05T13:28:45.096Z", "user": 1, "content_type": 13, "object_id": "2", "object_repr": "ogurec1337: The Binding of Isaac: Rebirth", "action_flag": 2, "change_message": "[{\"changed\": {\"fields\": [\"Can ban\"]}}]"}}, {"model": "admin.logentry", "pk": 32, "fields": {"action_time": "2023-12-05T14:10:33.765Z", "user": 1, "content_type": 13, "object_id": "4", "object_repr": "pomidorka48: Enter the Gungeon", "action_flag": 1, "change_message": "[{\"added\": {}}]"}}, {"model": "admin.logentry", "pk": 33, "fields": {"action_time": "2023-12-12T21:38:06.870Z", "user": 1, "content_type": 13, "object_id": "7", "object_repr": "Karkusha23: Hollow Knight", "action_flag": 1, "change_message": "[{\"added\": {}}]"}}, {"model": "sessions.session", "pk": "dpkou0edgrmcbbwqarz81ytkoxaoxi9t", "fields": {"session_data": ".eJxVjMsOwiAQRf-FtSG8y7h07zeQAQapGkhKuzL-uzbpQrf3nHNfLOC21rANWsKc2ZlJdvrdIqYHtR3kO7Zb56m3dZkj3xV-0MGvPdPzcrh_BxVH_daYgEjrkpXQzmvIIKxSUYqY0HpKMglUxXgTjbKTgZLBglSyyMkBCcfeH99_N0I:1r4Rbc:LLCdaC0T6c98DvyLWJQvfOdMDyBQGncaPaaVSPMTVrA", "expire_date": "2023-12-02T20:07:52.415Z"}}, {"model": "sessions.session", "pk": "erdk5hyiw29wrw3mh47b5yi99xukj9az", "fields": {"session_data": ".eJxVjEEOwiAQRe_C2hBGoIhL956hYZgZqRpISrsy3l2bdKHb_977LzWmdSnj2nkeJ1JnBerwu2HKD64boHuqt6Zzq8s8od4UvdOur434edndv4OSevnWfPQmI6BA5EQ-oc-Dx3ASK8hBkFy00QI4BAmGKEgerAFghyROrHp_AA8MOOc:1rCHiR:_mRZ_0O6QwjOrkvaVNGgBOagXjAmOCEORFNE0GB51w0", "expire_date": "2023-12-24T11:11:19.293Z"}}, {"model": "sessions.session", "pk": "vyvdo9zpb3l0h9gagsc9g0y98rfxtqjc", "fields": {"session_data": ".eJxVjEEOwiAQRe_C2hBGoIhL956hYZgZqRpISrsy3l2bdKHb_977LzWmdSnj2nkeJ1JnBerwu2HKD64boHuqt6Zzq8s8od4UvdOur434edndv4OSevnWfPQmI6BA5EQ-oc-Dx3ASK8hBkFy00QI4BAmGKEgerAFghyROrHp_AA8MOOc:1rE3WP:FKOj3oVayQNq9H6AkesfT76xF98_5aYxhJcXzx8yvQI", "expire_date": "2023-12-29T08:26:13.906Z"}}, {"model": "sessions.session", "pk": "zxhh0ydo00dqgaxw8a3ubvhybnw4pruj", "fields": {"session_data": ".eJxVjMsOwiAQRf-FtSGlZWDGpXu_oRkYkKqBpI-V8d-1SRe6veec-1Ijb2sZtyXN4yTqrHp1-t0Cx0eqO5A711vTsdV1noLeFX3QRV-bpOflcP8OCi_lWxN20IfgojFpgIDoMkEHZNkBYkYGkV6ciDU-eh-pE0sZBgJv0RhS7w_HOzbg:1rBZqY:ejXwi9wKc97xnfqvlLAu3HlqBj1ZfMiMPah3-EVFzaI", "expire_date": "2023-12-22T12:20:46.236Z"}}, {"model": "main.game", "pk": 1, "fields": {"name": "The Binding of Isaac: Rebirth", "slug": "the-binding-of-isaac-rebirth", "steam_link": "https://store.steampowered.com/app/250900/The_Binding_of_Isaac_Rebirth/", "icon": "games_icons/tboi_rebirth.png", "banner": "games_banners/tboi_banner.jpg", "description": "When Isaac’s mother starts hearing the voice of God demanding a sacrifice be made to prove her faith, Isaac escapes into the basement facing droves of deranged enemies, lost brothers and sisters, his fears, and eventually his mother."}}, {"model": "main.game", "pk": 2, "fields": {"name": "Enter the Gungeon", "slug": "enter-the-gungeon", "steam_link": "https://store.steampowered.com/app/311690/Enter_the_Gungeon/", "icon": "games_icons/etg.png", "banner": "games_banners/etg_banner.jpg", "description": "Enter the Gungeon - игра жанра “пулевая завеса в подземелье”, в которой ищущие спасения неудачники стреляют, грабят, перекатываются и опрокидывают столы, чтобы добраться до легендарного сокровища Оружелья: оружия, которое может убить прошлое. Выберите героя и пробейтесь на нижний уровень Оружелья. Для этого вам нужно суметь остаться в живых на каждом из сложных уровней, где вы встретите толпы жутко симпатичных оруживших мертвецов и грозных, вооруженных до зубов босов. Набирайте добычу, открывайте секреты и разговаривайте с беспринципными бродячими торговцами и владельцами лавок, чтобы купить у них лучшее снаряжение и превзойти противников."}}, {"model": "main.game", "pk": 3, "fields": {"name": "DARK SOULS: Remastered", "slug": "dark-souls-remastered", "steam_link": "https://store.steampowered.com/app/570940/DARK_SOULS_REMASTERED/", "icon": "games_icons/dark_souls_icon.png", "banner": "games_banners/dark_souls_banner.png", "description": "…Затем появился огонь.\r\nЗаново переживите события легендарной игры, с которой всё началось. Издание содержит основную игру и дополнение «Арториас из Бездны»."}}, {"model": "main.game", "pk": 4, "fields": {"name": "Sekiro: Shadows Die Twice", "slug": "sekiro-shadows-die-twice", "steam_link": "https://store.steampowered.com/app/814380/Sekiro_Shadows_Die_Twice__GOTY_Edition/", "icon": "games_icons/sekiro_icon.png", "banner": "games_banners/sekiro_banner.jpg", "description": "В Sekiro™: Shadows Die Twice вы станете 'одноруким волком' - изуродованным воином-изгоем, которого спасли от верной смерти. Поклявшись защищать молодого господина, являющегося наследником древнего рода, вы наживаете много опасных противников, среди которых — безжалостный клан Асина. Когда молодой господин оказывается в плену, вы отправляетесь в опасный путь, чтобы спасти его, и ничто, даже смерть, не помешает вам восстановить свою честь."}}, {"model": "main.game", "pk": 5, "fields": {"name": "Hollow Knight", "slug": "hollow-knight", "steam_link": "https://store.steampowered.com/app/367520/Hollow_Knight/", "icon": "games_icons/hollowknight_icon.jpg", "banner": "games_banners/hollowknight_banner.jpg", "description": "Глубоко под угасающим городом Грязьмут лежат руины древнего Королевства. Многих влечет под землю тяга к богатству, славе или ответам на старинные загадки."}}, {"model": "main.category", "pk": 1, "fields": {"name": "Any%", "slug": "any", "description": "Прохождение любым способом до финальных титров"}}, {"model": "main.category", "pk": 2, "fields": {"name": "100%", "slug": "100", "description": "Прохождение со сбором всех предметов, убийством всех боссов, получением всех достижений и т.д."}}, {"model": "main.category", "pk": 3, "fields": {"name": "Glitchless", "slug": "glitchless", "description": "Аналогично Any%, но без глитчей и багов"}}, {"model": "main.category", "pk": 4, "fields": {"name": "NMG", "slug": "nmg", "description": "Аналогично Any%, но без глитчей, которые значительно меняют способ прохождения"}}, {"model": "main.category", "pk": 5, "fields": {"name": "Low%", "slug": "low", "description": "Прохождение на как можно меньший процент прохождения"}}, {"model": "main.category", "pk": 6, "fields": {"name": "Grub%", "slug": "grub", "description": null}}, {"model": "main.allowedcategory", "pk": 1, "fields": {"game": 1, "category": 1, "extra_description": "Удачно завершить забег любым доступным способом"}}, {"model": "main.allowedcategory", "pk": 2, "fields": {"game": 1, "category": 2, "extra_description": "Получить достижение Dead God"}}, {"model": "main.allowedcategory", "pk": 3, "fields": {"game": 2, "category": 1, "extra_description": "Убить Высшего Ружезмея"}}, {"model": "main.allowedcategory", "pk": 4, "fields": {"game": 3, "category": 1, "extra_description": "Убить Гвина"}}, {"model": "main.allowedcategory", "pk": 5, "fields": {"game": 4, "category": 1, "extra_description": "Убить Иссина в одной из концовок"}}, {"model": "main.allowedcategory", "pk": 6, "fields": {"game": 5, "category": 5, "extra_description": "Пройти игру на минимальный процент"}}, {"model": "main.allowedcategory", "pk": 8, "fields": {"game": 5, "category": 6, "extra_description": "Собрать всех гусеничек"}}, {"model": "main.run", "pk": 1, "fields": {"game_category": 1, "user": 2, "runtime_ms": 10000, "video_link": "aaaa", "time_uploaded": "2023-11-12T09:16:13.976Z", "is_validated": false, "is_rejected": true}}, {"model": "main.run", "pk": 2, "fields": {"game_category": 2, "user": 2, "runtime_ms": 21600000, "video_link": "abcdef", "time_uploaded": "2023-11-14T09:22:27Z", "is_validated": true, "is_rejected": false}}, {"model": "main.run", "pk": 3, "fields": {"game_category": 3, "user": 3, "runtime_ms": 932567, "video_link": "bbbbbbbb", "time_uploaded": "2023-11-14T11:33:14.920Z", "is_validated": true, "is_rejected": false}}, {"model": "main.run", "pk": 4, "fields": {"game_category": 1, "user": 3, "runtime_ms": 369232, "video_link": "cccccccccc", "time_uploaded": "2023-11-14T17:54:37.714Z", "is_validated": true, "is_rejected": false}}, {"model": "main.run", "pk": 5, "fields": {"game_category": 1, "user": 1, "runtime_ms": 289356, "video_link": "abcdefghijk", "time_uploaded": "2023-11-18T18:31:42Z", "is_validated": true, "is_rejected": false}}, {"model": "main.run", "pk": 6, "fields": {"game_category": 1, "user": 1, "runtime_ms": 572112, "video_link": "ffff", "time_uploaded": "2023-11-18T19:42:41.857Z", "is_validated": true, "is_rejected": false}}, {"model": "main.run", "pk": 7, "fields": {"game_category": 2, "user": 3, "runtime_ms": 36734121, "video_link": "qwerty", "time_uploaded": "2023-11-28T10:07:52.452Z", "is_validated": false, "is_rejected": false}}, {"model": "main.run", "pk": 8, "fields": {"game_category": 1, "user": 3, "runtime_ms": 491123, "video_link": "tyuio", "time_uploaded": "2023-11-28T10:08:37.962Z", "is_validated": false, "is_rejected": false}}, {"model": "main.run", "pk": 9, "fields": {"game_category": 3, "user": 4, "runtime_ms": 312434, "video_link": "jkliop", "time_uploaded": "2023-12-05T13:57:06.746Z", "is_validated": true, "is_rejected": false}}, {"model": "main.run", "pk": 10, "fields": {"game_category": 3, "user": 2, "runtime_ms": 1931123, "video_link": "tttttttt", "time_uploaded": "2023-12-08T12:22:35.426Z", "is_validated": true, "is_rejected": false}}, {"model": "main.run", "pk": 11, "fields": {"game_category": 1, "user": 5, "runtime_ms": 122011, "video_link": "jklopijoi", "time_uploaded": "2023-12-10T09:29:01.554Z", "is_validated": true, "is_rejected": false}}, {"model": "main.run", "pk": 12, "fields": {"game_category": 3, "user": 5, "runtime_ms": 2592456, "video_link": "dlfjkh", "time_uploaded": "2023-12-10T09:34:08.666Z", "is_validated": true, "is_rejected": false}}, {"model": "main.validation", "pk": 2, "fields": {"moderator": 1, "points": 0, "time": "2023-11-14T09:23:44Z"}}, {"model": "main.validation", "pk": 3, "fields": {"moderator": 3, "points": 1, "time": "2023-12-11T08:56:31.012Z"}}, {"model": "main.validation", "pk": 4, "fields": {"moderator": 2, "points": 99, "time": "2023-11-18T19:40:29.428Z"}}, {"model": "main.validation", "pk": 5, "fields": {"moderator": 2, "points": 100, "time": "2023-11-18T19:39:10.645Z"}}, {"model": "main.validation", "pk": 6, "fields": {"moderator": 2, "points": 96, "time": "2023-11-18T20:07:26.209Z"}}, {"model": "main.validation", "pk": 9, "fields": {"moderator": 3, "points": 99, "time": "2023-12-05T14:06:33.997Z"}}, {"model": "main.validation", "pk": 10, "fields": {"moderator": 3, "points": 1, "time": "2023-12-11T08:55:44.631Z"}}, {"model": "main.validation", "pk": 11, "fields": {"moderator": 2, "points": 121, "time": "2023-12-10T10:25:23.464Z"}}, {"model": "main.validation", "pk": 12, "fields": {"moderator": 3, "points": 1, "time": "2023-12-11T08:54:09.947Z"}}, {"model": "main.rejection", "pk": 1, "fields": {"moderator": 1, "reason": "Читак", "time": "2023-11-18T07:54:12.662Z"}}, {"model": "main.comment", "pk": 4, "fields": {"run": 5, "user": 1, "parent_comment": 4, "comment_text": "Не нужно кланяться!", "time": "2023-12-03T15:11:04.877Z"}}, {"model": "main.comment", "pk": 6, "fields": {"run": 5, "user": 2, "parent_comment": 6, "comment_text": "Нормас!", "time": "2023-12-03T15:21:01.580Z"}}, {"model": "main.comment", "pk": 7, "fields": {"run": 4, "user": 2, "parent_comment": 7, "comment_text": "123", "time": "2023-12-05T08:52:51.530Z"}}, {"model": "main.comment", "pk": 8, "fields": {"run": 9, "user": 1, "parent_comment": 8, "comment_text": "Нечестный забег!", "time": "2023-12-05T14:07:26.943Z"}}, {"model": "main.comment", "pk": 9, "fields": {"run": 11, "user": 5, "parent_comment": 9, "comment_text": "Норм", "time": "2023-12-11T08:47:38.612Z"}}, {"model": "main.comment", "pk": 10, "fields": {"run": 4, "user": 5, "parent_comment": 10, "comment_text": "Внатуре классно", "time": "2023-12-15T09:26:25.987Z"}}, {"model": "main.report", "pk": 1, "fields": {"run": 5, "user": 3, "report_text": "Читер", "time": "2023-11-22T18:04:53.535Z"}}, {"model": "main.report", "pk": 2, "fields": {"run": 5, "user": 1, "report_text": "Оскорбление администрации", "time": "2023-12-02T20:31:07.924Z"}}, {"model": "main.report", "pk": 3, "fields": {"run": 9, "user": 1, "report_text": "Недобросовестность", "time": "2023-12-05T14:06:52.801Z"}}, {"model": "main.report", "pk": 4, "fields": {"run": 11, "user": 5, "report_text": "Нехорошесть", "time": "2023-12-11T08:49:24.757Z"}}, {"model": "users.user", "pk": 1, "fields": {"password": "pbkdf2_sha256$600000$QVpZBmz0pSryzgKLm8y7cW$XVkkLK1mk35s7jmrTVUTmpm2RMhBq2cN+7+9QYs/sNk=", "last_login": "2023-12-15T08:26:13.893Z", "is_superuser": true, "email": "min.rinat567321@gmail.com", "is_staff": true, "is_active": true, "is_banned": false, "date_joined": "2023-11-11T08:31:42.329Z", "username": "Karkusha23", "slug": "karkusha23", "pfp": "pfps/Karkusha.jpg", "points": 196, "about": "Админ", "groups": [], "user_permissions": []}}, {"model": "users.user", "pk": 2, "fields": {"password": "pbkdf2_sha256$600000$kbIHyR3VE66xCVIkfxhjU7$jNNQFk7oXkKVSesNz39rL6MkM40Y2x8pBm4uo+mO3Vk=", "last_login": "2023-12-10T18:21:52.384Z", "is_superuser": false, "email": "ogurec@mail.ru", "is_staff": false, "is_active": true, "is_banned": false, "date_joined": "2023-11-11T09:30:00.824Z", "username": "ogurec1337", "slug": "ogurec1337", "pfp": "pfps/cucumber-1.jpg", "points": 1, "about": "Свежий огурчик", "groups": [], "user_permissions": []}}, {"model": "users.user", "pk": 3, "fields": {"password": "pbkdf2_sha256$600000$xuVarFkC5KsRY1GWgLQXNm$0d2P8ewx+vWzGQT19ON94GfGtU15tqnr8dmEfZnW57c=", "last_login": "2023-12-11T09:29:41.718Z", "is_superuser": false, "email": "pomidor@yandex.ru", "is_staff": false, "is_active": true, "is_banned": false, "date_joined": "2023-11-11T09:36:39.792Z", "username": "pomidorka48", "slug": "pomidorka48", "pfp": "pfps/pomidor.jpg", "points": 100, "about": "Маринованный помидор", "groups": [], "user_permissions": []}}, {"model": "users.user", "pk": 4, "fields": {"password": "pbkdf2_sha256$600000$aLZneAYB8GwpsLnJAlZz0I$Ccbcxy0SuPoSGHFQfwGrqxwHE7wmkP0ZllyJv/TaoDU=", "last_login": "2023-12-05T14:12:21.988Z", "is_superuser": false, "email": "tikva@gmail.com", "is_staff": false, "is_active": true, "is_banned": true, "date_joined": "2023-12-05T13:55:30.803Z", "username": "tikva256", "slug": "tikva256", "pfp": "pfps/def_pfp.jpg", "points": 99, "about": "", "groups": [], "user_permissions": []}}, {"model": "users.user", "pk": 5, "fields": {"password": "pbkdf2_sha256$600000$gdLSBevCjk3USCtlvivj9q$mUJGid4G9U6wziYs4VZLRVszN7zb08sg5PcHok1tai8=", "last_login": "2023-12-15T09:26:06.425Z", "is_superuser": false, "email": "kartoshka@mail.ru", "is_staff": false, "is_active": true, "is_banned": false, "date_joined": "2023-12-10T09:27:22.136Z", "username": "KaPToWKa", "slug": "kaptowka", "pfp": "pfps/def_pfp.jpg", "points": 122, "about": "", "groups": [], "user_permissions": []}}, {"model": "users.moderator", "pk": 1, "fields": {"user": 1, "game": 1, "can_make_moderators": true, "can_add_categories": true, "can_validate_runs": true, "can_ban": true}}, {"model": "users.moderator", "pk": 2, "fields": {"user": 2, "game": 1, "can_make_moderators": false, "can_add_categories": false, "can_validate_runs": true, "can_ban": true}}, {"model": "users.moderator", "pk": 3, "fields": {"user": 1, "game": 2, "can_make_moderators": true, "can_add_categories": true, "can_validate_runs": true, "can_ban": true}}, {"model": "users.moderator", "pk": 4, "fields": {"user": 3, "game": 2, "can_make_moderators": false, "can_add_categories": false, "can_validate_runs": true, "can_ban": true}}, {"model": "users.moderator", "pk": 5, "fields": {"user": 5, "game": 2, "can_make_moderators": false, "can_add_categories": false, "can_validate_runs": true, "can_ban": true}}, {"model": "users.moderator", "pk": 6, "fields": {"user": 3, "game": 1, "can_make_moderators": false, "can_add_categories": false, "can_validate_runs": false, "can_ban": true}}, {"model": "users.moderator", "pk": 7, "fields": {"user": 1, "game": 5, "can_make_moderators": true, "can_add_categories": true, "can_validate_runs": true, "can_ban": true}}, {"model": "users.ban", "pk": 4, "fields": {"moderator": 4, "reason": "Использование читов", "time": "2023-12-05T14:11:49.771Z"}}]